seed,estimator,gyro,distance_m,final_pos_error_m,max_pos_error_m,final_yaw_error_deg,drift_percent
1000,wheel_only,calibrated,20.006,0.891,0.8916,10.595,4.454
1000,ekf_wheel_imu_tuned,calibrated,20.006,0.1722,0.1729,2.727,0.861
1000,ekf_wheel_imu_untuned,calibrated,20.006,0.8892,0.8898,10.577,4.445
1001,wheel_only,calibrated,20.005,0.3561,0.4226,7.192,1.78
1001,ekf_wheel_imu_tuned,calibrated,20.005,0.4158,0.417,6.528,2.078
1001,ekf_wheel_imu_untuned,calibrated,20.005,0.3548,0.4205,7.151,1.774
1002,wheel_only,calibrated,20.002,0.6811,0.6814,5.778,3.405
1002,ekf_wheel_imu_tuned,calibrated,20.002,0.4226,0.4242,6.269,2.113
1002,ekf_wheel_imu_untuned,calibrated,20.002,0.6801,0.6814,5.773,3.4
1003,wheel_only,calibrated,20.003,1.7448,2.085,19.688,8.722
1003,ekf_wheel_imu_tuned,calibrated,20.003,0.2258,0.272,3.546,1.129
1003,ekf_wheel_imu_untuned,calibrated,20.003,1.7403,2.0789,19.639,8.7
1004,wheel_only,calibrated,20.015,2.3808,2.3809,32.132,11.896
1004,ekf_wheel_imu_tuned,calibrated,20.015,0.0949,0.0971,1.321,0.474
1004,ekf_wheel_imu_untuned,calibrated,20.015,2.3753,2.3754,32.071,11.868
1005,wheel_only,calibrated,19.99,1.9218,1.9231,35.949,9.614
1005,ekf_wheel_imu_tuned,calibrated,19.99,0.3324,0.3329,5.044,1.663
1005,ekf_wheel_imu_untuned,calibrated,19.99,1.9165,1.9178,35.844,9.587
1006,wheel_only,calibrated,19.997,1.6511,1.6519,32.592,8.257
1006,ekf_wheel_imu_tuned,calibrated,19.997,0.0632,0.0642,0.533,0.316
1006,ekf_wheel_imu_untuned,calibrated,19.997,1.6477,1.6485,32.496,8.24
1007,wheel_only,calibrated,19.995,1.2024,1.2024,20.357,6.014
1007,ekf_wheel_imu_tuned,calibrated,19.995,0.2804,0.2804,5.376,1.402
1007,ekf_wheel_imu_untuned,calibrated,19.995,1.2003,1.2003,20.321,6.003
1008,wheel_only,calibrated,20.0,1.3037,1.3051,20.785,6.519
1008,ekf_wheel_imu_tuned,calibrated,20.0,0.3569,0.3573,6.439,1.785
1008,ekf_wheel_imu_untuned,calibrated,20.0,1.3003,1.3017,20.689,6.501
1009,wheel_only,calibrated,20.001,0.6934,0.6946,7.318,3.467
1009,ekf_wheel_imu_tuned,calibrated,20.001,0.8131,0.8145,13.324,4.065
1009,ekf_wheel_imu_untuned,calibrated,20.001,0.6938,0.6949,7.339,3.469
1010,wheel_only,calibrated,20.003,1.3415,1.3415,23.561,6.706
1010,ekf_wheel_imu_tuned,calibrated,20.003,0.3039,0.3039,4.541,1.519
1010,ekf_wheel_imu_untuned,calibrated,20.003,1.3389,1.3389,23.512,6.694
1011,wheel_only,calibrated,20.003,1.283,1.284,28.362,6.414
1011,ekf_wheel_imu_tuned,calibrated,20.003,0.1268,0.1835,0.945,0.634
1011,ekf_wheel_imu_untuned,calibrated,20.003,1.2799,1.281,28.288,6.398
1012,wheel_only,calibrated,20.003,0.8456,0.8473,14.503,4.227
1012,ekf_wheel_imu_tuned,calibrated,20.003,0.1185,0.1344,1.601,0.592
1012,ekf_wheel_imu_untuned,calibrated,20.003,0.8435,0.8453,14.459,4.217
1013,wheel_only,calibrated,19.985,0.367,0.4364,12.383,1.836
1013,ekf_wheel_imu_tuned,calibrated,19.985,0.275,0.2791,2.488,1.376
1013,ekf_wheel_imu_untuned,calibrated,19.985,0.3661,0.4389,12.34,1.832
1014,wheel_only,calibrated,20.002,0.3504,0.4928,12.6,1.752
1014,ekf_wheel_imu_tuned,calibrated,20.002,0.2629,0.2638,3.019,1.315
1014,ekf_wheel_imu_untuned,calibrated,20.002,0.3491,0.4912,12.545,1.745
1015,wheel_only,calibrated,19.992,2.002,2.0031,29.516,10.014
1015,ekf_wheel_imu_tuned,calibrated,19.992,0.0637,0.1185,1.152,0.318
1015,ekf_wheel_imu_untuned,calibrated,19.992,1.9979,1.9989,29.458,9.994
1016,wheel_only,calibrated,19.994,1.6249,1.9892,30.243,8.127
1016,ekf_wheel_imu_tuned,calibrated,19.994,0.7263,0.7285,11.638,3.633
1016,ekf_wheel_imu_untuned,calibrated,19.994,1.621,1.9838,30.133,8.107
1017,wheel_only,calibrated,19.981,1.5286,1.5287,25.708,7.65
1017,ekf_wheel_imu_tuned,calibrated,19.981,0.249,0.2802,4.814,1.246
1017,ekf_wheel_imu_untuned,calibrated,19.981,1.5236,1.5238,25.63,7.625
1018,wheel_only,calibrated,19.991,1.2213,1.2217,21.104,6.11
1018,ekf_wheel_imu_tuned,calibrated,19.991,0.3092,0.3111,4.457,1.547
1018,ekf_wheel_imu_untuned,calibrated,19.991,1.218,1.2183,21.053,6.093
1019,wheel_only,calibrated,19.99,0.3626,0.6873,10.416,1.814
1019,ekf_wheel_imu_tuned,calibrated,19.99,0.0594,0.0707,0.188,0.297
1019,ekf_wheel_imu_untuned,calibrated,19.99,0.362,0.6851,10.385,1.811
1020,wheel_only,calibrated,19.998,1.3016,1.3017,20.512,6.508
1020,ekf_wheel_imu_tuned,calibrated,19.998,0.1406,0.1407,1.831,0.703
1020,ekf_wheel_imu_untuned,calibrated,19.998,1.299,1.2992,20.471,6.496
1021,wheel_only,calibrated,20.009,1.4876,1.4879,15.011,7.435
1021,ekf_wheel_imu_tuned,calibrated,20.009,0.0816,0.0821,1.464,0.408
1021,ekf_wheel_imu_untuned,calibrated,20.009,1.4837,1.4839,14.983,7.415
1022,wheel_only,calibrated,19.994,1.7132,1.8851,34.848,8.569
1022,ekf_wheel_imu_tuned,calibrated,19.994,0.1196,0.137,0.525,0.598
1022,ekf_wheel_imu_untuned,calibrated,19.994,1.7098,1.8806,34.752,8.552
1023,wheel_only,calibrated,20.01,1.4329,1.4333,18.29,7.161
1023,ekf_wheel_imu_tuned,calibrated,20.01,0.0989,0.1011,1.418,0.494
1023,ekf_wheel_imu_untuned,calibrated,20.01,1.4292,1.4296,18.24,7.142
1024,wheel_only,calibrated,20.004,1.4298,1.4305,17.92,7.147
1024,ekf_wheel_imu_tuned,calibrated,20.004,0.5265,0.5278,7.095,2.632
1024,ekf_wheel_imu_untuned,calibrated,20.004,1.425,1.4257,17.846,7.124
1025,wheel_only,calibrated,19.989,1.3112,1.3139,18.641,6.56
1025,ekf_wheel_imu_tuned,calibrated,19.989,0.3476,0.3501,5.911,1.739
1025,ekf_wheel_imu_untuned,calibrated,19.989,1.309,1.3117,18.585,6.549
1026,wheel_only,calibrated,19.999,1.2345,1.2352,20.173,6.173
1026,ekf_wheel_imu_tuned,calibrated,19.999,0.3061,0.3287,5.967,1.53
1026,ekf_wheel_imu_untuned,calibrated,19.999,1.2319,1.2326,20.138,6.159
1027,wheel_only,calibrated,20.0,0.5068,0.531,13.14,2.534
1027,ekf_wheel_imu_tuned,calibrated,20.0,0.0751,0.0754,1.067,0.376
1027,ekf_wheel_imu_untuned,calibrated,20.0,0.5056,0.5295,13.118,2.528
1028,wheel_only,calibrated,20.002,1.3776,1.3782,20.44,6.887
1028,ekf_wheel_imu_tuned,calibrated,20.002,0.2489,0.2496,4.774,1.244
1028,ekf_wheel_imu_untuned,calibrated,20.002,1.374,1.3745,20.372,6.869
1029,wheel_only,calibrated,20.002,0.1997,0.2757,7.307,0.999
1029,ekf_wheel_imu_tuned,calibrated,20.002,0.1188,0.1193,1.498,0.594
1029,ekf_wheel_imu_untuned,calibrated,20.002,0.1993,0.2746,7.281,0.997
1000,wheel_only,uncalibrated,20.006,0.891,0.8916,10.595,4.454
1000,ekf_wheel_imu_tuned,uncalibrated,20.006,0.5957,0.5963,10.225,2.977
1000,ekf_wheel_imu_untuned,uncalibrated,20.006,0.8903,0.8909,10.596,4.45
1001,wheel_only,uncalibrated,20.005,0.3561,0.4226,7.192,1.78
1001,ekf_wheel_imu_tuned,uncalibrated,20.005,3.4891,3.4903,52.114,17.441
1001,ekf_wheel_imu_untuned,uncalibrated,20.005,0.3489,0.4146,7.037,1.744
1002,wheel_only,uncalibrated,20.002,0.6811,0.6814,5.778,3.405
1002,ekf_wheel_imu_tuned,uncalibrated,20.002,1.9074,1.9079,29.566,9.536
1002,ekf_wheel_imu_untuned,uncalibrated,20.002,0.6836,0.6849,5.832,3.417
1003,wheel_only,uncalibrated,20.003,1.7448,2.085,19.688,8.722
1003,ekf_wheel_imu_tuned,uncalibrated,20.003,2.0879,2.0886,31.681,10.438
1003,ekf_wheel_imu_untuned,uncalibrated,20.003,1.7371,2.0757,19.569,8.684
1004,wheel_only,uncalibrated,20.015,2.3808,2.3809,32.132,11.896
1004,ekf_wheel_imu_tuned,uncalibrated,20.015,1.8898,1.8915,29.456,9.442
1004,ekf_wheel_imu_untuned,uncalibrated,20.015,2.3717,2.3718,32.001,11.85
1005,wheel_only,uncalibrated,19.99,1.9218,1.9231,35.949,9.614
1005,ekf_wheel_imu_tuned,uncalibrated,19.99,2.1271,2.1276,33.002,10.641
1005,ekf_wheel_imu_untuned,uncalibrated,19.99,1.913,1.9143,35.774,9.57
1006,wheel_only,uncalibrated,19.997,1.6511,1.6519,32.592,8.257
1006,ekf_wheel_imu_tuned,uncalibrated,19.997,0.0126,0.0476,0.475,0.063
1006,ekf_wheel_imu_untuned,uncalibrated,19.997,1.6476,1.6484,32.493,8.239
1007,wheel_only,uncalibrated,19.995,1.2024,1.2024,20.357,6.014
1007,ekf_wheel_imu_tuned,uncalibrated,19.995,3.1704,3.1704,62.245,15.856
1007,ekf_wheel_imu_untuned,uncalibrated,19.995,1.2081,1.2081,20.463,6.042
1008,wheel_only,uncalibrated,20.0,1.3037,1.3051,20.785,6.519
1008,ekf_wheel_imu_tuned,uncalibrated,20.0,2.5753,2.5757,40.172,12.877
1008,ekf_wheel_imu_untuned,uncalibrated,20.0,1.2957,1.2971,20.605,6.479
1009,wheel_only,uncalibrated,20.001,0.6934,0.6946,7.318,3.467
1009,ekf_wheel_imu_tuned,uncalibrated,20.001,5.0353,5.0378,122.924,25.175
1009,ekf_wheel_imu_untuned,uncalibrated,20.001,0.7084,0.7096,7.613,3.542
1010,wheel_only,uncalibrated,20.003,1.3415,1.3415,23.561,6.706
1010,ekf_wheel_imu_tuned,uncalibrated,20.003,3.232,3.232,62.121,16.157
1010,ekf_wheel_imu_untuned,uncalibrated,20.003,1.3466,1.3466,23.656,6.732
1011,wheel_only,uncalibrated,20.003,1.283,1.284,28.362,6.414
1011,ekf_wheel_imu_tuned,uncalibrated,20.003,0.4986,0.5085,7.058,2.492
1011,ekf_wheel_imu_untuned,uncalibrated,20.003,1.2791,1.2802,28.273,6.394
1012,wheel_only,uncalibrated,20.003,0.8456,0.8473,14.503,4.227
1012,ekf_wheel_imu_tuned,uncalibrated,20.003,4.7284,4.7285,69.655,23.638
1012,ekf_wheel_imu_untuned,uncalibrated,20.003,0.834,0.8357,14.289,4.169
1013,wheel_only,uncalibrated,19.985,0.367,0.4364,12.383,1.836
1013,ekf_wheel_imu_tuned,uncalibrated,19.985,1.8409,1.8413,26.55,9.211
1013,ekf_wheel_imu_untuned,uncalibrated,19.985,0.3674,0.4403,12.28,1.838
1014,wheel_only,uncalibrated,20.002,0.3504,0.4928,12.6,1.752
1014,ekf_wheel_imu_tuned,uncalibrated,20.002,0.8328,0.9599,15.217,4.164
1014,ekf_wheel_imu_untuned,uncalibrated,20.002,0.3517,0.4936,12.591,1.758
1015,wheel_only,uncalibrated,19.992,2.002,2.0031,29.516,10.014
1015,ekf_wheel_imu_tuned,uncalibrated,19.992,1.6096,1.6105,28.574,8.052
1015,ekf_wheel_imu_untuned,uncalibrated,19.992,2.0013,2.0023,29.527,10.011
1016,wheel_only,uncalibrated,19.994,1.6249,1.9892,30.243,8.127
1016,ekf_wheel_imu_tuned,uncalibrated,19.994,6.4796,6.481,93.69,32.407
1016,ekf_wheel_imu_untuned,uncalibrated,19.994,1.6114,1.9741,29.927,8.059
1017,wheel_only,uncalibrated,19.981,1.5286,1.5287,25.708,7.65
1017,ekf_wheel_imu_tuned,uncalibrated,19.981,2.9271,2.9296,44.705,14.65
1017,ekf_wheel_imu_untuned,uncalibrated,19.981,1.5184,1.5186,25.53,7.599
1018,wheel_only,uncalibrated,19.991,1.2213,1.2217,21.104,6.11
1018,ekf_wheel_imu_tuned,uncalibrated,19.991,0.4686,0.4701,7.012,2.344
1018,ekf_wheel_imu_untuned,uncalibrated,19.991,1.2176,1.2179,21.046,6.091
1019,wheel_only,uncalibrated,19.99,0.3626,0.6873,10.416,1.814
1019,ekf_wheel_imu_tuned,uncalibrated,19.99,1.6727,1.675,27.214,8.368
1019,ekf_wheel_imu_untuned,uncalibrated,19.99,0.3581,0.6831,10.318,1.791
1020,wheel_only,uncalibrated,19.998,1.3016,1.3017,20.512,6.508
1020,ekf_wheel_imu_tuned,uncalibrated,19.998,0.8532,0.8544,13.901,4.266
1020,ekf_wheel_imu_untuned,uncalibrated,19.998,1.2969,1.297,20.431,6.485
1021,wheel_only,uncalibrated,20.009,1.4876,1.4879,15.011,7.435
1021,ekf_wheel_imu_tuned,uncalibrated,20.009,0.5133,0.5136,8.898,2.565
1021,ekf_wheel_imu_untuned,uncalibrated,20.009,1.4847,1.4849,15.002,7.42
1022,wheel_only,uncalibrated,19.994,1.7132,1.8851,34.848,8.569
1022,ekf_wheel_imu_tuned,uncalibrated,19.994,0.3346,0.3657,5.229,1.673
1022,ekf_wheel_imu_untuned,uncalibrated,19.994,1.7092,1.8801,34.74,8.549
1023,wheel_only,uncalibrated,20.01,1.4329,1.4333,18.29,7.161
1023,ekf_wheel_imu_tuned,uncalibrated,20.01,0.0635,0.1389,0.933,0.317
1023,ekf_wheel_imu_untuned,uncalibrated,20.01,1.4295,1.4299,18.246,7.144
1024,wheel_only,uncalibrated,20.004,1.4298,1.4305,17.92,7.147
1024,ekf_wheel_imu_tuned,uncalibrated,20.004,3.145,3.1461,46.086,15.722
1024,ekf_wheel_imu_untuned,uncalibrated,20.004,1.4198,1.4205,17.748,7.097
1025,wheel_only,uncalibrated,19.989,1.3112,1.3139,18.641,6.56
1025,ekf_wheel_imu_tuned,uncalibrated,19.989,1.7558,1.7585,31.885,8.783
1025,ekf_wheel_imu_untuned,uncalibrated,19.989,1.3124,1.315,18.65,6.565
1026,wheel_only,uncalibrated,19.999,1.2345,1.2352,20.173,6.173
1026,ekf_wheel_imu_tuned,uncalibrated,19.999,2.4965,2.4968,47.51,12.483
1026,ekf_wheel_imu_untuned,uncalibrated,19.999,1.2369,1.2376,20.242,6.185
1027,wheel_only,uncalibrated,20.0,0.5068,0.531,13.14,2.534
1027,ekf_wheel_imu_tuned,uncalibrated,20.0,0.5133,0.5155,8.371,2.567
1027,ekf_wheel_imu_untuned,uncalibrated,20.0,0.5069,0.5307,13.141,2.535
1028,wheel_only,uncalibrated,20.002,1.3776,1.3782,20.44,6.887
1028,ekf_wheel_imu_tuned,uncalibrated,20.002,1.6553,1.6554,26.984,8.275
1028,ekf_wheel_imu_untuned,uncalibrated,20.002,1.371,1.3715,20.316,6.854
1029,wheel_only,uncalibrated,20.002,0.1997,0.2757,7.307,0.999
1029,ekf_wheel_imu_tuned,uncalibrated,20.002,1.0816,1.0819,18.3,5.407
1029,ekf_wheel_imu_untuned,uncalibrated,20.002,0.2018,0.2767,7.323,1.009
